{
    "classification_scores": {
        "accuracy": 0.6453590192644484,
        "aopc_thresholds": null,
        "comprehensiveness": 0.3167179847713527,
        "comprehensiveness_aopc": null,
        "comprehensiveness_aopc_points": null,
        "comprehensiveness_entropy": -0.11332378532758328,
        "comprehensiveness_kl": 0.6660679226521092,
        "prf": {
            "accuracy": 0.6453590192644484,
            "hatespeech": {
                "f1-score": 0.0,
                "precision": 0.0,
                "recall": 0.0,
                "support": 0.0
            },
            "macro avg": {
                "f1-score": 0.4646012561088897,
                "precision": 0.5239414480793791,
                "recall": 0.4262044614842668,
                "support": 1142.0
            },
            "normal": {
                "f1-score": 0.5982142857142857,
                "precision": 0.7701149425287356,
                "recall": 0.48905109489051096,
                "support": 548.0
            },
            "offensive": {
                "f1-score": 0.7955894826123834,
                "precision": 0.8017094017094017,
                "recall": 0.7895622895622896,
                "support": 594.0
            },
            "weighted avg": {
                "f1-score": 0.7008770413688129,
                "precision": 0.7865484878468755,
                "recall": 0.6453590192644484,
                "support": 1142.0
            }
        },
        "sufficiency": 0.2585274321883395,
        "sufficiency_aopc": null,
        "sufficiency_aopc_points": null,
        "sufficiency_entropy": -0.07376308677745193,
        "sufficiency_kl": 0.5473451309780164
    },
    "iou_scores": [
        {
            "macro": {
                "f1": 0.4398404396299036,
                "p": 0.3900758902510216,
                "r": 0.5041593695271454
            },
            "micro": {
                "f1": 0.3971547125074096,
                "p": 0.3233590733590734,
                "r": 0.5145929339477726
            },
            "threshold": 0.5
        }
    ],
    "rationale_prf": {
        "instance_macro": {
            "f1": 0.1375260612125761,
            "p": 0.12746643315820197,
            "r": 0.15499124343257442
        },
        "instance_micro": {
            "f1": 0.13712704999012054,
            "p": 0.11164736164736165,
            "r": 0.17767537122375832
        }
    },
    "token_prf": {
        "instance_macro": {
            "f1": 0.5371764934812221,
            "p": 0.5359894921190893,
            "r": 0.5388791593695271
        },
        "instance_micro": {
            "f1": 0.5367479389580775,
            "p": 0.535995796111403,
            "r": 0.5375021956789039
        }
    },
    "token_soft_metrics": {
        "auprc": 0.6204890533684282,
        "average_precision": 0.6466992598705722,
        "roc_auc_score": 0.7754542001686829
    }
}